image,predicted_labels
person_-1_000276_0.jpg,"lowerBodyCasual, upperBodyCasual, personalMale, accessoryNothing, carryingNothing, hairShort, upperBodyShortSleeve, lowerBodyTrousers, upperBodyTshirt, footwearWhite, hairBlack, lowerBodyBlack, upperBodyRed"
person_-1_000353_1.jpg,"upperBodyCasual, upperBodyLongSleeve, personalMale, accessoryNothing, carryingNothing, hairShort, lowerBodyTrousers, footwearBlack, hairBlack, lowerBodyBlack, upperBodyBlack"
person_-1_001252_1.jpg,"personalLess30, lowerBodyCasual, upperBodyCasual, upperBodyLongSleeve, accessoryNothing, hairShort, lowerBodyShorts, footwearBlack, hairBlack, lowerBodyBlack"
person_-1_001348_1.jpg,"personalLess30, lowerBodyCasual, personalFemale, upperBodyLongSleeve, accessoryNothing, hairShort, lowerBodyShorts, footwearBlack, hairBlack, lowerBodyBlack"
person_-1_001413_0.jpg,"personalLess30, lowerBodyCasual, upperBodyCasual, personalFemale, hairLong, upperBodyLongSleeve, footwearWhite, hairBlack, lowerBodyBlack, upperBodyWhite"
person_-1_001493_1.jpg,"personalLess30, lowerBodyCasual, upperBodyCasual, personalFemale, upperBodyLongSleeve, accessoryNothing, hairShort, footwearBlack, hairBlack, lowerBodyBlack, upperBodyWhite"
person_-1_001611_0.jpg,"personalLess30, lowerBodyCasual, upperBodyCasual, personalFemale, hairLong, carryingMessengerBag, accessoryNothing, lowerBodyShorts, footwearWhite, hairBlack, lowerBodyGrey, upperBodyBlack"
person_-1_001627_1.jpg,"personalLess30, lowerBodyCasual, upperBodyCasual, upperBodyLongSleeve, personalMale, accessoryNothing, carryingNothing, hairShort, footwearBlack, hairBlack, lowerBodyGrey, upperBodyBlack"
person_-1_001728_1.jpg,"personalLess30, lowerBodyCasual, upperBodyCasual, upperBodyLongSleeve, personalMale, accessoryNothing, carryingNothing, hairShort, footwearBlack, hairBlack, lowerBodyGrey"
person_-1_002299_0.jpg,"personalLess30, carryingBackpack, lowerBodyCasual, upperBodyCasual, personalMale, accessoryNothing, hairShort, upperBodyShortSleeve, lowerBodyTrousers, upperBodyTshirt, hairBlack, lowerBodyBlack, upperBodyBlack"
person_-1_002429_0.jpg,"personalLess30, lowerBodyCasual, upperBodyCasual, personalFemale, hairLong, upperBodyLongSleeve, accessoryNothing, lowerBodyTrousers, hairBlack, lowerBodyBlack, upperBodyBlack"
person_-1_002544_1.jpg,"personalLess30, lowerBodyCasual, personalFemale, hairLong, accessoryNothing, upperBodyShortSleeve, hairBlack, upperBodyBlue"
person_-1_002651_1.jpg,"personalLess30, lowerBodyCasual, upperBodyCasual, personalFemale, hairLong, accessoryNothing, carryingNothing, upperBodyShortSleeve, upperBodyTshirt, footwearWhite, upperBodyBlue"
person_-1_002758_1.jpg,"personalLess30, lowerBodyCasual, upperBodyCasual, personalFemale, hairLong, accessoryNothing, upperBodyShortSleeve, footwearWhite, hairBlack, upperBodyBlue"
person_-1_003017_1.jpg,"lowerBodyCasual, upperBodyCasual, upperBodyLongSleeve, accessoryNothing, footwearShoes, footwearBlack, hairBlack, lowerBodyBlack"
person_-1_003220_0.jpg,"personalLess30, lowerBodyCasual, upperBodyCasual, personalFemale, accessoryNothing, hairShort, upperBodyShortSleeve, lowerBodyTrousers, upperBodyTshirt, hairBlack, lowerBodyBlack, upperBodyRed"
person_-1_003432_0.jpg,"lowerBodyFormal, upperBodyFormal, personalMale, accessoryNothing, carryingNothing, hairShort, hairBlack, lowerBodyBlack"
person_-1_003720_1.jpg,"personalLess30, lowerBodyCasual, accessoryNothing, upperBodyShortSleeve, upperBodyTshirt, hairBlack, lowerBodyBlack, upperBodyWhite"
person_-1_003742_0.jpg,"personalLess30, lowerBodyCasual, upperBodyCasual, personalFemale, hairLong, accessoryNothing, upperBodyShortSleeve, hairBlack, upperBodyBlack"
person_-1_003818_0.jpg,"personalLess30, lowerBodyCasual, upperBodyCasual, personalFemale, hairLong, accessoryNothing, lowerBodyTrousers, hairBlack, upperBodyBlack"
person_-1_003997_1.jpg,"lowerBodyCasual, upperBodyLongSleeve, footwearShoes, hairShort, lowerBodyTrousers, hairBlack, lowerBodyBlack, upperBodyGrey"
person_-1_004259_1.jpg,"personalLess30, lowerBodyCasual, upperBodyCasual, personalFemale, hairLong, accessoryNothing, hairBlack, lowerBodyBlack, upperBodyWhite"
person_-1_004465_1.jpg,"personalLess30, carryingBackpack, lowerBodyCasual, upperBodyCasual, personalFemale, accessoryHairBand, hairLong, upperBodyLongSleeve, lowerBodyTrousers, hairBlack, lowerBodyBlack, upperBodyWhite"
person_-1_004643_1.jpg,"personalLess30, lowerBodyCasual, upperBodyCasual, personalFemale, hairLong, hairBlack, lowerBodyBlack, upperBodyWhite"
person_-1_005043_1.jpg,"personalLess30, lowerBodyCasual, upperBodyCasual, personalFemale, hairLong, upperBodyLongSleeve, accessoryNothing, lowerBodyTrousers, hairBlack, lowerBodyBlack"
person_-1_005219_1.jpg,"lowerBodyCasual, upperBodyCasual, personalMale, hairShort, upperBodyShortSleeve, upperBodyTshirt, hairBlack, lowerBodyBlack, upperBodyBlue"
person_-1_005520_1.jpg,"lowerBodyCasual, upperBodyCasual, upperBodyLongSleeve, accessoryNothing, footwearShoes, hairShort, footwearBlack, hairBlack, lowerBodyBlue"
person_-1_005732_1.jpg,"personalLess30, lowerBodyCasual, upperBodyCasual, accessoryNothing, footwearShoes, upperBodyShortSleeve, footwearBlack, hairBlack, lowerBodyWhite"
person_-1_005959_1.jpg,"lowerBodyCasual, accessoryNothing, upperBodyShortSleeve, footwearBlack, lowerBodyWhite"
person_-1_006062_1.jpg,"lowerBodyCasual, upperBodyCasual, personalFemale, accessoryNothing, hairShort, hairBlack"
person_-1_006331_1.jpg,"lowerBodyCasual, upperBodyCasual, lowerBodyJeans, upperBodyLongSleeve, personalMale, accessoryNothing, hairShort, footwearBlack, hairBlack, lowerBodyBlue, upperBodyWhite"
person_-1_006737_1.jpg,"personalLess30, carryingBackpack, lowerBodyCasual, upperBodyCasual, upperBodyShortSleeve, hairBlack, lowerBodyBlack"
person_-1_007452_1.jpg,"carryingBackpack, lowerBodyCasual, upperBodyCasual, upperBodyLongSleeve, hairShort, lowerBodyTrousers, footwearBlack, hairBlack, lowerBodyBlack, upperBodyBlack"
person_101_007661_1.jpg,"carryingBackpack, lowerBodyCasual, upperBodyCasual, personalMale, accessoryNothing, hairShort, upperBodyShortSleeve, footwearBlack, hairBlack, lowerBodyBlack, upperBodyBlack"
person_101_007736_1.jpg,"carryingBackpack, lowerBodyCasual, upperBodyCasual, upperBodyLongSleeve, personalMale, accessoryNothing, hairShort, lowerBodyTrousers, footwearBlack, hairBlack, lowerBodyBlack, upperBodyBlack"
person_101_007811_1.jpg,"carryingBackpack, lowerBodyCasual, upperBodyCasual, upperBodyLongSleeve, personalMale, accessoryNothing, hairShort, lowerBodyTrousers, footwearBlack, hairBlack, lowerBodyBlack, upperBodyBlack"
person_101_007886_1.jpg,"carryingBackpack, lowerBodyCasual, upperBodyCasual, upperBodyLongSleeve, personalMale, accessoryNothing, hairShort, lowerBodyTrousers, footwearBlack, hairBlack, lowerBodyBlack, upperBodyBlack"
person_103_007793_1.jpg,"lowerBodyFormal, upperBodyFormal, upperBodyLongSleeve, personalMale, accessoryNothing, carryingNothing, hairShort, hairBlack, lowerBodyBlack, upperBodyPurple"
person_103_008618_1.jpg,"footwearLeatherShoes, upperBodyLongSleeve, personalMale, accessoryNothing, carryingNothing, hairShort, footwearBlack, hairBlack, lowerBodyBlack, upperBodyWhite"
person_103_008693_1.jpg,"upperBodyLongSleeve, personalMale, accessoryNothing, carryingNothing, hairShort, footwearBlack, hairBlack, lowerBodyBlack"
person_103_008768_1.jpg,"lowerBodyFormal, upperBodyFormal, footwearLeatherShoes, upperBodyLongSleeve, personalMale, accessoryNothing, carryingNothing, hairShort, footwearBlack, hairBlack, lowerBodyBlack"
person_103_008843_1.jpg,"upperBodyLongSleeve, personalMale, accessoryNothing, carryingNothing, hairShort, footwearBlack, hairBlack, lowerBodyBlack"
person_107_007916_1.jpg,"lowerBodyFormal, upperBodyFormal, footwearLeatherShoes, upperBodyLongSleeve, personalMale, accessoryNothing, carryingNothing, hairShort, lowerBodySuits, footwearBlack, hairBlack, lowerBodyBlack, upperBodyWhite"
person_108_008045_1.jpg,"personalLess30, lowerBodyCasual, upperBodyLongSleeve, personalMale, accessoryNothing, hairShort, footwearBlack, hairBlack, lowerBodyBlack, upperBodyWhite"
person_108_008120_1.jpg,"personalMale, accessoryNothing, carryingNothing, hairShort, upperBodyShortSleeve, footwearBlack, hairBlack, lowerBodyBlack, upperBodyWhite"
person_108_008495_1.jpg,"personalMale, accessoryNothing, carryingNothing, hairShort, upperBodyShortSleeve, hairBlack, lowerBodyBlack, upperBodyWhite"
person_108_008570_1.jpg,"upperBodyCasual, personalMale, accessoryNothing, carryingNothing, hairShort, upperBodyShortSleeve, lowerBodyTrousers, footwearWhite, hairBlack, lowerBodyBlack"
person_108_008645_1.jpg,"upperBodyCasual, personalMale, accessoryNothing, carryingNothing, hairShort, upperBodyShortSleeve, hairBlack, lowerBodyBlack, upperBodyWhite"
person_108_008720_1.jpg,"lowerBodyFormal, upperBodyFormal, personalMale, accessoryNothing, carryingNothing, footwearShoes, hairShort, upperBodyShortSleeve, lowerBodySuits, hairBlack, lowerBodyBlack, upperBodyWhite"
person_108_008795_1.jpg,"lowerBodyFormal, upperBodyFormal, personalMale, accessoryNothing, carryingNothing, footwearShoes, hairShort, upperBodyShortSleeve, lowerBodySuits, hairBlack, lowerBodyBlack, upperBodyWhite"
person_108_008870_1.jpg,"personalMale, accessoryNothing, carryingNothing, hairShort, footwearBlack, hairBlack, lowerBodyBlack, upperBodyWhite"
person_10_000216_0.jpg,"personalLess30, lowerBodyCasual, upperBodyCasual, personalFemale, hairLong, accessoryNothing, upperBodyShortSleeve, lowerBodyTrousers, upperBodyTshirt, footwearWhite, hairBlack, lowerBodyBlack, upperBodyRed"
person_111_008214_1.jpg,"personalLess30, carryingBackpack, lowerBodyCasual, upperBodyCasual, upperBodyLongSleeve, personalMale, accessoryNothing, hairShort, lowerBodyTrousers, footwearWhite, hairBlack, lowerBodyBlack"
person_117_008244_1.jpg,"personalLess30, lowerBodyCasual, upperBodyCasual, personalFemale, hairLong, accessoryNothing, upperBodyShortSleeve, hairBlack"
person_117_008319_1.jpg,"personalLess30, lowerBodyCasual, upperBodyCasual, personalFemale, hairLong, accessoryNothing, hairBlack, upperBodyBlack"
person_117_008394_1.jpg,"personalLess30, lowerBodyCasual, upperBodyCasual, personalFemale, accessoryNothing, upperBodyBlack"
person_119_008286_1.jpg,"personalLess30, lowerBodyCasual, upperBodyCasual, upperBodyLongSleeve, accessoryNothing, hairShort, footwearWhite, hairBlack, lowerBodyBlack"
person_11_000252_0.jpg,"personalLess30, lowerBodyCasual, upperBodyCasual, personalFemale, accessoryNothing, carryingNothing, upperBodyShortSleeve, lowerBodyTrousers, upperBodyTshirt, footwearWhite, hairBlack, lowerBodyBlack, upperBodyRed"
person_120_008311_1.jpg,"personalLess30, lowerBodyCasual, upperBodyCasual, personalMale, accessoryNothing, carryingNothing, hairShort, upperBodyShortSleeve, lowerBodyTrousers, hairBlack, lowerBodyBlack, upperBodyGrey"
person_120_008386_1.jpg,"personalLess30, lowerBodyCasual, upperBodyCasual, accessoryNothing, hairShort, footwearWhite, hairBlack, lowerBodyBlack, upperBodyWhite"
person_122_008348_1.jpg,"personalLess30, lowerBodyCasual, upperBodyCasual, personalFemale, hairLong, carryingNothing, upperBodyShortSleeve, lowerBodyTrousers, footwearWhite, hairBlack, lowerBodyBlack, upperBodyGrey"
person_126_008391_1.jpg,"personalLess30, lowerBodyCasual, upperBodyCasual, personalFemale, hairLong, upperBodyLongSleeve, accessoryNothing, carryingNothing, hairBlack, lowerBodyGrey, upperBodyBlack"
person_128_008504_1.jpg,"lowerBodyCasual, upperBodyCasual, upperBodyLongSleeve, personalMale, accessoryNothing, carryingNothing, hairShort, lowerBodyTrousers, footwearWhite, hairBlack, lowerBodyBlack, upperBodyWhite"
person_128_008579_1.jpg,"lowerBodyCasual, upperBodyCasual, upperBodyLongSleeve, accessoryNothing, carryingNothing, hairShort, footwearWhite, hairBlack"
person_129_008520_1.jpg,"personalLess30, lowerBodyCasual, upperBodyCasual, personalFemale, hairLong, accessoryNothing, hairBlack"
person_12_000263_0.jpg,"lowerBodyCasual, upperBodyCasual, personalMale, accessoryNothing, carryingNothing, hairShort, upperBodyShortSleeve, lowerBodyTrousers, upperBodyTshirt, footwearWhite, hairBlack, lowerBodyBlack"
person_132_008597_1.jpg,"personalLess30, lowerBodyCasual, upperBodyCasual, personalFemale, accessoryHairBand, hairLong, carryingNothing, upperBodyShortSleeve, lowerBodyTrousers, footwearWhite, hairBlack, lowerBodyBlack, upperBodyGrey"
person_13_000277_0.jpg,"lowerBodyCasual, upperBodyCasual, accessoryNothing, carryingNothing, hairShort, upperBodyShortSleeve, lowerBodyTrousers, upperBodyTshirt, footwearWhite, hairBlack, lowerBodyBlack, upperBodyRed"
person_13_000352_0.jpg,"personalLess30, lowerBodyCasual, upperBodyCasual, personalFemale, hairLong, accessoryNothing, upperBodyShortSleeve, lowerBodyTrousers, upperBodyTshirt, footwearWhite, hairBlack, lowerBodyBlack"
person_14_000300_0.jpg,"lowerBodyCasual, upperBodyCasual, personalFemale, upperBodyLongSleeve, footwearShoes, footwearBlack, hairBlack, lowerBodyBlack, upperBodyWhite"
person_14_000375_0.jpg,"personalLess30, lowerBodyCasual, upperBodyCasual, personalFemale, accessoryHairBand, upperBodyLongSleeve, lowerBodyTrousers, footwearBlack, hairBlack, lowerBodyBlack, upperBodyWhite"
person_14_000460_0.jpg,"personalLess30, lowerBodyCasual, upperBodyCasual, personalFemale, carryingNothing, hairBlack, lowerBodyBlack"
person_14_000535_0.jpg,"personalLess30, lowerBodyCasual, upperBodyCasual, personalFemale, accessoryNothing, upperBodyShortSleeve, upperBodyTshirt, footwearWhite, lowerBodyBlack, upperBodyRed"
person_15_000477_0.jpg,"lowerBodyCasual, upperBodyCasual, personalFemale, upperBodyLongSleeve, footwearShoes, hairShort, lowerBodyTrousers, footwearBlack, hairBlack, lowerBodyBlack, upperBodyGrey"
person_15_000552_0.jpg,"personalLess30, lowerBodyCasual, upperBodyCasual, personalFemale, accessoryHairBand, upperBodyLongSleeve, footwearShoes, footwearBlack, hairBlack, lowerBodyBlack, upperBodyGrey"
person_15_000690_0.jpg,"lowerBodyCasual, upperBodyCasual, upperBodyLongSleeve, lowerBodyTrousers, footwearBlack, hairBlack, lowerBodyBlack"
person_15_000765_0.jpg,"personalLess30, lowerBodyCasual, upperBodyCasual, upperBodyLongSleeve, personalMale, accessoryNothing, carryingNothing, hairShort, lowerBodyTrousers, footwearBlack, hairBlack, lowerBodyBlack, upperBodyWhite"
person_15_000884_0.jpg,"personalLess30, lowerBodyCasual, upperBodyCasual, upperBodyLongSleeve, personalMale, accessoryNothing, carryingNothing, hairShort, lowerBodyTrousers, footwearBlack, hairBlack, lowerBodyBlack"
person_1_000082_0.jpg,"lowerBodyCasual, upperBodyCasual, lowerBodyJeans, upperBodyLongSleeve, personalMale, accessoryNothing, hairShort, footwearWhite, hairBlack, lowerBodyBlue, upperBodyBlack"
person_1_000157_0.jpg,"lowerBodyCasual, lowerBodyJeans, upperBodyLongSleeve, personalMale, accessoryNothing, hairShort, footwearWhite, hairBlack, lowerBodyBlue, upperBodyBlack"
person_21_001253_1.jpg,"personalLess30, lowerBodyCasual, upperBodyCasual, personalFemale, upperBodyLongSleeve, accessoryNothing, hairShort, footwearBlack, hairBlack, lowerBodyBlack"
person_22_001302_1.jpg,"personalLess30, lowerBodyCasual, upperBodyCasual, lowerBodyJeans, upperBodyLongSleeve, accessoryNothing, carryingNothing, footwearBlack, lowerBodyBlue"
person_23_001349_1.jpg,"personalLess30, lowerBodyCasual, personalFemale, upperBodyLongSleeve, accessoryNothing, hairShort, footwearBlack, hairBlack, lowerBodyBlack"
person_24_001494_1.jpg,"personalLess30, lowerBodyCasual, upperBodyCasual, personalFemale, upperBodyLongSleeve, accessoryNothing, hairShort, footwearWhite, hairBlack, lowerBodyBlack, upperBodyWhite"
person_24_001569_1.jpg,"personalLess30, lowerBodyCasual, upperBodyCasual, personalFemale, upperBodyLongSleeve, accessoryNothing, hairShort, footwearBlack, footwearWhite, hairBlack, lowerBodyBlack"
person_25_001002_0.jpg,"personalLess30, lowerBodyCasual, upperBodyCasual, lowerBodyJeans, personalMale, carryingNothing, lowerBodyBlue, upperBodyBlack"
person_26_001033_0.jpg,"personalLess30, lowerBodyCasual, upperBodyCasual, lowerBodyJeans, hairShort, hairBlack, upperBodyBlack"
person_26_001108_0.jpg,"lowerBodyCasual, upperBodyCasual, lowerBodyJeans, personalMale, accessoryNothing, footwearWhite, lowerBodyBlue, upperBodyBlack"
person_27_001629_1.jpg,"personalLess30, lowerBodyCasual, upperBodyCasual, upperBodyLongSleeve, personalMale, accessoryNothing, carryingNothing, hairShort, footwearBlack, hairBlack, lowerBodyGrey, upperBodyBlack"
person_27_001704_1.jpg,"personalLess30, lowerBodyCasual, upperBodyCasual, upperBodyLongSleeve, personalMale, accessoryNothing, carryingNothing, hairShort, hairBlack, lowerBodyGrey, upperBodyBlack"
person_29_001319_0.jpg,"lowerBodyCasual, upperBodyCasual, lowerBodyJeans, upperBodyLongSleeve, personalMale, hairShort, footwearWhite, lowerBodyBlue, upperBodyBlack"
person_29_001729_1.jpg,"personalLess30, lowerBodyCasual, upperBodyCasual, upperBodyLongSleeve, personalMale, accessoryNothing, carryingNothing, hairShort, lowerBodyTrousers, hairBlack, lowerBodyGrey, upperBodyBlack"
person_31_001340_0.jpg,"lowerBodyCasual, upperBodyCasual, personalMale, accessoryNothing, hairShort, upperBodyShortSleeve, upperBodyTshirt, footwearWhite, lowerBodyBlack, upperBodyBlack"
person_31_001757_1.jpg,"personalLess30, lowerBodyCasual, upperBodyCasual, upperBodyLongSleeve, personalMale, accessoryNothing, hairShort, footwearBlack, hairBlack, lowerBodyGrey, upperBodyBlack"
person_32_001367_0.jpg,"lowerBodyCasual, upperBodyCasual, lowerBodyJeans, personalMale, accessoryNothing, hairShort, upperBodyShortSleeve, footwearBlack, lowerBodyBlue, upperBodyBlack"
person_32_001452_0.jpg,"lowerBodyCasual, upperBodyCasual, lowerBodyJeans, upperBodyLongSleeve, personalMale, footwearWhite, lowerBodyBlue, upperBodyBlack"
person_33_001414_0.jpg,"personalLess30, lowerBodyCasual, upperBodyCasual, personalFemale, hairLong, upperBodyLongSleeve, hairBlack, lowerBodyBlack, upperBodyWhite"
person_34_001426_0.jpg,"personalLess30, lowerBodyCasual, upperBodyCasual, personalFemale, hairLong, upperBodyLongSleeve, footwearShoes, footwearBlack, hairBlack, lowerBodyGrey, upperBodyWhite"
person_34_001767_1.jpg,"personalLess30, lowerBodyCasual, upperBodyCasual, lowerBodyJeans, upperBodyLongSleeve, personalMale, accessoryNothing, hairShort, hairBlack, lowerBodyGrey, upperBodyBlue"
person_34_001847_1.jpg,"personalLess30, lowerBodyCasual, upperBodyCasual, lowerBodyJeans, upperBodyLongSleeve, personalMale, accessoryNothing, carryingNothing, footwearShoes, hairShort, hairBlack, lowerBodyGrey, upperBodyBlue"
person_36_001457_0.jpg,"personalLess30, lowerBodyCasual, upperBodyCasual, personalFemale, hairLong, hairBlack, lowerBodyBlack, upperBodyWhite"
person_36_001532_0.jpg,"personalLess30, lowerBodyCasual, upperBodyCasual, personalFemale, hairLong, accessoryNothing, hairBlack, lowerBodyBlack, upperBodyWhite"
person_38_001476_0.jpg,"upperBodyCasual, lowerBodyJeans, upperBodyLongSleeve, personalMale, accessoryNothing, footwearShoes, hairShort, footwearBlack, hairBlack, lowerBodyBlue, upperBodyWhite"
person_38_001551_0.jpg,"upperBodyShortSleeve, upperBodyTshirt, footwearBlack, hairBlack"
person_38_001632_0.jpg,"personalLess30, carryingBackpack, lowerBodyCasual, upperBodyCasual, upperBodyLongSleeve, accessoryNothing, hairShort, lowerBodyTrousers, footwearWhite, hairBlack, lowerBodyBlack"
person_41_001491_0.jpg,"personalLess30, carryingBackpack, lowerBodyCasual, upperBodyCasual, personalFemale, accessoryHairBand, upperBodyLongSleeve, lowerBodyTrousers, footwearWhite, hairBlack, lowerBodyBlack, upperBodyGrey"
person_41_001566_0.jpg,"personalLess30, carryingBackpack, lowerBodyCasual, upperBodyCasual, personalFemale, accessoryHairBand, hairLong, lowerBodyTrousers, footwearWhite, hairBlack, lowerBodyBlack"
person_43_001614_0.jpg,"personalLess30, lowerBodyCasual, upperBodyCasual, personalFemale, hairLong, accessoryNothing, footwearWhite, hairBlack, lowerBodyGrey, upperBodyBlack"
person_45_002545_1.jpg,"personalLess30, lowerBodyCasual, personalFemale, hairLong, accessoryNothing, upperBodyShortSleeve, hairBlack, upperBodyBlue"
person_48_002586_1.jpg,"personalLess30, lowerBodyCasual, personalFemale, hairLong, accessoryNothing, upperBodyShortSleeve, upperBodyTshirt, hairBlack, upperBodyBlue"
person_49_002652_1.jpg,"personalLess30, lowerBodyCasual, upperBodyCasual, personalFemale, hairLong, accessoryNothing, upperBodyShortSleeve, upperBodyTshirt, footwearWhite, hairBlack, upperBodyBlue"
person_50_002759_1.jpg,"personalLess30, lowerBodyCasual, upperBodyCasual, personalFemale, hairLong, accessoryNothing, carryingNothing, upperBodyShortSleeve, hairBlack, upperBodyBlue"
person_50_002835_1.jpg,"personalLess30, lowerBodyCasual, upperBodyCasual, personalFemale, hairLong, accessoryNothing, carryingNothing, footwearWhite, hairBlack, upperBodyBlue"
person_51_001647_0.jpg,"personalLess30, lowerBodyCasual, upperBodyCasual, personalFemale, hairLong, accessoryNothing, upperBodyShortSleeve, upperBodyTshirt, footwearWhite, hairBlack, upperBodyBlack"
person_51_001724_0.jpg,"personalLess30, lowerBodyCasual, upperBodyCasual, personalFemale, hairLong, accessoryNothing, upperBodyShortSleeve, upperBodyTshirt, footwearWhite, hairBlack, lowerBodyGrey"
person_51_001800_0.jpg,"personalLess30, lowerBodyCasual, upperBodyCasual, personalFemale, hairLong, accessoryNothing, carryingNothing, upperBodyShortSleeve, upperBodyTshirt, footwearWhite, hairBlack, lowerBodyGrey, upperBodyBlack"
person_51_001875_0.jpg,"personalLess30, lowerBodyCasual, upperBodyCasual, personalFemale, hairLong, accessoryNothing, footwearWhite, hairBlack, upperBodyBlack"
person_52_001649_0.jpg,"personalLess30, carryingBackpack, lowerBodyCasual, upperBodyCasual, hairLong, accessoryNothing, lowerBodyShorts, upperBodyShortSleeve, upperBodyTshirt, hairBlack, lowerBodyBlack, upperBodyBlack"
person_53_001654_0.jpg,"personalLess30, lowerBodyCasual, upperBodyCasual, personalFemale, hairLong, hairBlack, lowerBodyBlack, upperBodyWhite"
person_54_003027_1.jpg,"personalLess30, lowerBodyCasual, personalFemale, hairLong, upperBodyLongSleeve, accessoryNothing, footwearShoes, footwearBlack, lowerBodyBlack, upperBodyGrey"
person_54_003102_1.jpg,"lowerBodyCasual, upperBodyCasual, footwearShoes, hairShort, lowerBodyTrousers, hairBlack, lowerBodyBlack, upperBodyGrey"
person_54_003177_1.jpg,"personalLess30, carryingOther, lowerBodyCasual, upperBodyCasual, personalFemale, accessoryHairBand, upperBodyLongSleeve, lowerBodyTrousers, hairBlack, lowerBodyBlack, upperBodyWhite"
person_54_003252_1.jpg,"personalLess30, lowerBodyCasual, upperBodyCasual, personalFemale, accessoryHairBand, lowerBodyTrousers, footwearBlack, hairBlack, lowerBodyBlack, upperBodyWhite"
person_56_001677_0.jpg,"personalLess30, carryingBackpack, lowerBodyCasual, upperBodyCasual, hairLong, accessoryNothing, lowerBodyShorts, hairBlack, lowerBodyBlack, upperBodyBlack"
person_56_001752_0.jpg,"personalLess30, lowerBodyCasual, upperBodyCasual, accessoryNothing, lowerBodyShorts, upperBodyShortSleeve, upperBodyTshirt, lowerBodyBlack, upperBodyBlack"
person_56_001828_0.jpg,"personalLess30, carryingBackpack, lowerBodyCasual, upperBodyCasual, personalFemale, hairLong, upperBodyShortSleeve, upperBodyTshirt, hairBlack, lowerBodyBlack, upperBodyBlack"
person_57_003727_1.jpg,"personalLess30, lowerBodyCasual, upperBodyCasual, personalFemale, hairLong, upperBodyShortSleeve, upperBodyTshirt, hairBlack, lowerBodyBlack"
person_57_003804_1.jpg,"personalLess30, lowerBodyCasual, upperBodyCasual, personalFemale, hairLong, accessoryNothing, upperBodyShortSleeve, upperBodyTshirt, hairBlack, lowerBodyBlack, upperBodyWhite"
person_57_003881_1.jpg,"personalLess30, lowerBodyCasual, upperBodyCasual, personalFemale, accessoryHairBand, hairLong, upperBodyShortSleeve, upperBodyTshirt, hairBlack, upperBodyWhite"
person_57_003961_1.jpg,"personalLess30, lowerBodyCasual, upperBodyCasual, personalFemale, hairLong, accessoryNothing, footwearShoes, hairBlack, lowerBodyBlue, upperBodyWhite"
person_58_003755_1.jpg,"lowerBodyCasual, upperBodyCasual, personalFemale, upperBodyLongSleeve, lowerBodyTrousers, hairBlack, lowerBodyBlack, upperBodyGrey"
person_58_003830_1.jpg,"personalLess30, lowerBodyCasual, personalFemale, footwearShoes, hairBlack, lowerBodyBlack, upperBodyGrey"
person_58_003905_1.jpg,"personalLess30, lowerBodyCasual, upperBodyCasual, personalFemale, accessoryHairBand, hairLong, lowerBodyTrousers, hairBlack, lowerBodyBlack, upperBodyGrey"
person_59_001844_0.jpg,"personalLess30, lowerBodyCasual, upperBodyCasual, lowerBodyJeans, personalMale, accessoryNothing, hairShort, upperBodyShortSleeve, upperBodyTshirt, footwearWhite, hairBlack, lowerBodyBlack, upperBodyGrey"
person_59_001919_0.jpg,"personalLess30, lowerBodyCasual, upperBodyCasual, accessoryNothing, carryingNothing, hairShort, upperBodyShortSleeve, lowerBodyTrousers, upperBodyTshirt, footwearWhite, hairBlack, lowerBodyBlack, upperBodyGrey"
person_59_004001_1.jpg,"personalLess30, lowerBodyCasual, upperBodyCasual, personalFemale, accessoryHairBand, upperBodyLongSleeve, lowerBodyTrousers, footwearWhite, hairBlack, lowerBodyBlack, upperBodyGrey"
person_60_001857_0.jpg,"personalLess30, lowerBodyCasual, upperBodyCasual, personalFemale, upperBodyTshirt, footwearWhite, hairBlack, upperBodyRed"
person_60_001932_0.jpg,"personalLess30, lowerBodyCasual, upperBodyCasual, personalFemale, hairLong, accessoryNothing, upperBodyShortSleeve, upperBodyTshirt, footwearWhite, hairBlack, upperBodyRed"
person_60_002011_0.jpg,"personalLess30, carryingBackpack, lowerBodyCasual, upperBodyCasual, personalFemale, hairLong, upperBodyShortSleeve, upperBodyTshirt, footwearWhite, hairBlack, upperBodyGrey"
person_60_002090_0.jpg,"personalLess30, lowerBodyCasual, upperBodyCasual, lowerBodyJeans, accessoryNothing, carryingNothing, footwearWhite, hairBlack, upperBodyGrey"
person_60_004015_1.jpg,"personalLess30, lowerBodyCapri, lowerBodyCasual, personalFemale, accessoryHairBand, hairLong, upperBodyLongSleeve, footwearShoes, hairBlack, lowerBodyBlack, upperBodyGrey"
person_61_004044_1.jpg,"personalLess30, lowerBodyCasual, upperBodyCasual, personalFemale, accessoryHairBand, hairLong, footwearShoes, hairBlack, lowerBodyBlack, upperBodyGrey"
person_63_002061_0.jpg,"personalLess30, carryingBackpack, lowerBodyCasual, upperBodyCasual, personalFemale, hairLong, accessoryNothing, hairBlack, upperBodyRed"
person_64_004266_1.jpg,"personalLess30, carryingBackpack, lowerBodyCasual, upperBodyCasual, personalFemale, hairLong, hairBlack, lowerBodyBlack, upperBodyWhite"
person_64_004341_1.jpg,"personalLess30, lowerBodyCasual, upperBodyCasual, personalFemale, hairLong, lowerBodyTrousers, hairBlack, lowerBodyBlack, upperBodyWhite"
person_66_002087_0.jpg,"personalLess30, lowerBodyCasual, upperBodyCasual, personalFemale, upperBodyLogo, upperBodyShortSleeve, upperBodyTshirt, footwearWhite, hairBlack, lowerBodyBlack, upperBodyBlack"
person_66_002162_0.jpg,"personalLess30, carryingBackpack, lowerBodyCasual, upperBodyCasual, personalFemale, accessoryNothing, upperBodyShortSleeve, lowerBodyTrousers, footwearWhite, hairBlack, lowerBodyBlack, upperBodyBlack"
person_66_004292_1.jpg,"personalLess30, carryingBackpack, lowerBodyCasual, upperBodyCasual, upperBodyLongSleeve, lowerBodyTrousers, hairBlack"
person_67_002304_0.jpg,"personalLess30, carryingBackpack, lowerBodyCasual, upperBodyCasual, personalMale, accessoryNothing, hairShort, upperBodyShortSleeve, lowerBodyTrousers, hairBlack, lowerBodyBlack, upperBodyBlack"
person_67_002379_0.jpg,"personalLess30, carryingBackpack, lowerBodyCasual, upperBodyCasual, personalMale, accessoryNothing, hairShort, upperBodyShortSleeve, lowerBodyTrousers, hairBlack, lowerBodyBlack, upperBodyBlack"
person_67_004321_1.jpg,"carryingBackpack, lowerBodyCasual, upperBodyCasual, upperBodyLongSleeve, personalMale, hairShort, footwearBlack, hairBlack, lowerBodyBlack"
person_67_004400_1.jpg,"lowerBodyCasual, upperBodyCasual, hairShort, lowerBodyTrousers, footwearWhite, hairBlack, lowerBodyBlack, upperBodyWhite"
person_67_004475_1.jpg,"lowerBodyCasual, upperBodyCasual, personalMale, accessoryNothing, hairShort, lowerBodyTrousers, footwearWhite, hairBlack, upperBodyWhite"
person_67_004550_1.jpg,"personalLess30, lowerBodyCasual, upperBodyCasual, personalMale, accessoryNothing, hairShort, lowerBodyTrousers, footwearWhite, hairBlack, lowerBodyBlack, upperBodyWhite"
person_68_002431_0.jpg,"personalLess30, carryingBackpack, lowerBodyCasual, upperBodyCasual, personalFemale, hairLong, upperBodyLongSleeve, accessoryNothing, lowerBodyTrousers, hairBlack, lowerBodyBlack, upperBodyBlack"
person_68_004321_1.jpg,"lowerBodyCasual, upperBodyCasual, upperBodyLongSleeve, personalMale, accessoryNothing, carryingNothing, hairShort, lowerBodyTrousers, footwearWhite, hairBlack, upperBodyWhite"
person_69_002453_0.jpg,"personalLess30, carryingBackpack, lowerBodyCasual, upperBodyCasual, personalMale, accessoryNothing, hairShort, upperBodyShortSleeve, hairBlack, lowerBodyBlack, upperBodyBlack"
person_69_004466_1.jpg,"personalLess30, lowerBodyCasual, upperBodyCasual, personalFemale, accessoryHairBand, hairLong, lowerBodyTrousers, hairBlack, lowerBodyBlack, upperBodyWhite"
person_69_004541_1.jpg,"personalLess30, lowerBodyCasual, upperBodyCasual, personalFemale, accessoryHairBand, hairLong, upperBodyLongSleeve, lowerBodyTrousers, hairBlack, lowerBodyBlack, upperBodyWhite"
person_69_004620_1.jpg,"personalLess30, lowerBodyCasual, upperBodyCasual, personalFemale, hairLong, upperBodyLongSleeve, lowerBodyTrousers, hairBlack, lowerBodyBlack, upperBodyWhite"
person_6_000354_1.jpg,"lowerBodyCasual, upperBodyCasual, upperBodyLongSleeve, personalMale, accessoryNothing, carryingNothing, hairShort, lowerBodyTrousers, footwearBlack, hairBlack, lowerBodyBlack, upperBodyBlack, upperBodyBlue"
person_6_000429_1.jpg,"personalLess30, carryingBackpack, lowerBodyCasual, upperBodyCasual, personalFemale, accessoryHairBand, upperBodyLongSleeve, hairShort, lowerBodyTrousers, footwearBlack, hairBlack, lowerBodyBlack, upperBodyBlue"
person_6_000504_1.jpg,"personalLess30, carryingBackpack, lowerBodyCasual, upperBodyCasual, personalFemale, accessoryHairBand, upperBodyLongSleeve, lowerBodyTrousers, hairBlack, lowerBodyBlack, upperBodyBlue, upperBodyWhite"
person_6_000579_1.jpg,"personalLess30, carryingBackpack, lowerBodyCasual, upperBodyCasual, personalFemale, accessoryHairBand, hairLong, upperBodyLongSleeve, lowerBodyTrousers, hairBlack, lowerBodyBlack"
person_70_004644_1.jpg,"personalLess30, lowerBodyCasual, upperBodyCasual, personalFemale, hairLong, upperBodyLongSleeve, hairBlack, lowerBodyBlack, upperBodyWhite"
person_76_003221_0.jpg,"personalLess30, lowerBodyCasual, upperBodyCasual, personalFemale, accessoryNothing, hairShort, upperBodyShortSleeve, lowerBodyTrousers, upperBodyTshirt, hairBlack, lowerBodyBlack, upperBodyRed"
person_76_003296_0.jpg,"personalLess30, carryingBackpack, lowerBodyCasual, upperBodyCasual, accessoryNothing, hairShort, upperBodyShortSleeve, lowerBodyTrousers, upperBodyTshirt, footwearBlack, hairBlack, lowerBodyBlack, upperBodyRed"
person_76_003371_0.jpg,"personalLess30, lowerBodyCasual, upperBodyCasual, accessoryNothing, hairShort, upperBodyShortSleeve, lowerBodyTrousers, upperBodyTshirt, footwearBlack, hairBlack, lowerBodyBlack, upperBodyRed"
person_76_003446_0.jpg,"personalLess30, carryingBackpack, lowerBodyCasual, upperBodyCasual, personalMale, accessoryNothing, hairShort, upperBodyShortSleeve, lowerBodyTrousers, upperBodyTshirt, footwearBlack, hairBlack, lowerBodyBlack, upperBodyRed"
person_76_003521_0.jpg,"personalLess30, carryingBackpack, lowerBodyCasual, upperBodyCasual, personalMale, accessoryNothing, footwearShoes, hairShort, lowerBodyTrousers, hairBlack, lowerBodyBlack, upperBodyRed"
person_76_005044_1.jpg,"personalLess30, lowerBodyCasual, upperBodyCasual, personalFemale, hairLong, accessoryNothing, footwearShoes, lowerBodyTrousers, hairBlack, lowerBodyBlack, upperBodyWhite"
person_77_003433_0.jpg,"lowerBodyFormal, upperBodyFormal, personalMale, accessoryNothing, carryingNothing, hairShort, lowerBodySuits, footwearBlack, hairBlack, lowerBodyBlack"
person_77_003509_0.jpg,"personalMale, accessoryNothing, carryingNothing, hairShort, upperBodyShortSleeve, footwearGrey, hairBlack, lowerBodyBlack"
person_77_003584_0.jpg,"lowerBodyFormal, upperBodyFormal, personalMale, accessoryNothing, carryingNothing, hairShort, hairBlack, lowerBodyBlack"
person_79_003440_0.jpg,"personalLess30, lowerBodyCasual, upperBodyCasual, upperBodyLongSleeve, personalMale, accessoryNothing, hairShort, lowerBodyShorts, hairBlack, lowerBodyBlack, upperBodyWhite"
person_79_003515_0.jpg,"personalLess30, carryingBackpack, lowerBodyCasual, upperBodyCasual, accessoryNothing, hairShort, lowerBodyShorts, hairBlack, lowerBodyBlack, upperBodyWhite"
person_79_003590_0.jpg,"personalLess30, lowerBodyCasual, upperBodyCasual, upperBodyLongSleeve, personalMale, accessoryNothing, hairShort, lowerBodyShorts, hairBlack, lowerBodyBlack, upperBodyWhite"
person_80_005220_1.jpg,"lowerBodyCasual, upperBodyCasual, personalMale, hairShort, upperBodyShortSleeve, lowerBodyTrousers, upperBodyTshirt, footwearBlack, hairBlack, lowerBodyBlack, upperBodyBlue"
person_80_005295_1.jpg,"lowerBodyCasual, upperBodyCasual, personalFemale, hairLong, accessoryNothing, upperBodyShortSleeve, lowerBodyTrousers, upperBodyTshirt, footwearBlack, hairBlack, lowerBodyBlack, upperBodyBlue"
person_80_005370_1.jpg,"lowerBodyCasual, upperBodyCasual, upperBodyShortSleeve, upperBodyTshirt, footwearBlack, hairBlack, lowerBodyBlack, upperBodyBlue"
person_80_005445_1.jpg,"personalLess30, lowerBodyCasual, upperBodyCasual, upperBodyShortSleeve, lowerBodyTrousers, upperBodyTshirt, hairBlack, lowerBodyBlack, upperBodyBlue"
person_81_005521_1.jpg,"lowerBodyCasual, upperBodyCasual, upperBodyLongSleeve, accessoryNothing, footwearShoes, hairShort, footwearBlack, hairBlack, lowerBodyBlue, upperBodyWhite"
person_81_005688_1.jpg,"lowerBodyCasual, upperBodyCasual, personalFemale, upperBodyLongSleeve, accessoryNothing, footwearShoes, footwearBlack, hairBlack, lowerBodyBlue, upperBodyWhite"
person_81_005767_1.jpg,"personalLess30, lowerBodyCasual, upperBodyCasual, lowerBodyJeans, upperBodyLongSleeve, personalMale, accessoryNothing, footwearShoes, hairShort, footwearBlack, hairBlack, lowerBodyBlue"
person_82_005733_1.jpg,"personalLess30, lowerBodyCasual, upperBodyCasual, accessoryNothing, footwearShoes, upperBodyShortSleeve, footwearBlack, hairBlack, lowerBodyWhite"
person_82_005808_1.jpg,"lowerBodyCasual, accessoryNothing, hairShort, upperBodyShortSleeve, hairBlack"
person_82_005883_1.jpg,"personalLess30, lowerBodyCasual, accessoryNothing, upperBodyShortSleeve, hairBlack"
person_83_005895_1.jpg,"lowerBodyCasual, upperBodyCasual, lowerBodyJeans, upperBodyLongSleeve, accessoryNothing, footwearShoes, hairShort, footwearBlack, hairBlack, lowerBodyBlue, upperBodyWhite"
person_84_005963_1.jpg,"personalLess30, lowerBodyCasual, upperBodyCasual, accessoryNothing, upperBodyShortSleeve, hairBlack"
person_84_006038_1.jpg,"lowerBodyCasual, upperBodyCasual, accessoryNothing, hairShort, footwearBlack, hairBlack, lowerBodyWhite"
person_85_006063_1.jpg,"lowerBodyCasual, upperBodyCasual, accessoryNothing, hairShort, upperBodyShortSleeve, hairBlack"
person_86_003557_0.jpg,"personalLess30, lowerBodyCasual, upperBodyCasual, accessoryNothing, carryingNothing, hairShort, lowerBodyShorts, upperBodyWhite"
person_86_003632_0.jpg,"personalLess30, carryingBackpack, lowerBodyCasual, upperBodyCasual, upperBodyLongSleeve, personalMale, accessoryNothing, hairShort, lowerBodyShorts, footwearWhite, hairBlack, lowerBodyBlack, upperBodyWhite"
person_86_006332_1.jpg,"personalLess30, lowerBodyCasual, upperBodyCasual, lowerBodyJeans, upperBodyLongSleeve, personalMale, accessoryNothing, hairShort, hairBlack, lowerBodyBlue"
person_86_006492_1.jpg,"lowerBodyCasual, upperBodyCasual, lowerBodyJeans, upperBodyLongSleeve, personalMale, accessoryNothing, hairShort, footwearBlack, hairBlack, lowerBodyBlue"
person_87_003563_0.jpg,"lowerBodyCasual, upperBodyCasual, personalMale, accessoryNothing, carryingNothing, footwearShoes, hairShort, upperBodyShortSleeve, hairBlack, lowerBodyBlack, upperBodyWhite"
person_87_003638_0.jpg,"upperBodyFormal, personalMale, accessoryNothing, hairShort, lowerBodySuits, footwearBlack, hairBlack, lowerBodyBlack, upperBodyWhite"
person_87_006738_1.jpg,"personalLess30, carryingBackpack, lowerBodyCasual, upperBodyCasual, hairBlack, lowerBodyBlack"
person_88_003646_0.jpg,"personalLess30, lowerBodyCasual, upperBodyCasual, personalFemale, accessoryNothing, upperBodyTshirt, footwearBlack, hairBlack, lowerBodyBlack, upperBodyRed"
person_88_006766_1.jpg,"lowerBodyCasual, upperBodyCasual, personalMale, accessoryNothing, carryingNothing, footwearShoes, hairShort, footwearBlack, hairBlack, lowerBodyBlack, upperBodyWhite"
person_88_006841_1.jpg,"upperBodyLongSleeve, personalMale, accessoryNothing, carryingNothing, hairShort, hairBlack, lowerBodyBlack, upperBodyWhite"
person_88_006916_1.jpg,"upperBodyFormal, upperBodyLongSleeve, personalMale, accessoryNothing, carryingNothing, hairShort, lowerBodySuits, footwearBlack, hairBlack, lowerBodyBlack, upperBodyWhite"
person_88_006991_1.jpg,"upperBodyFormal, personalMale, accessoryNothing, carryingNothing, footwearShoes, hairShort, upperBodyShortSleeve, hairBlack, lowerBodyBlack, upperBodyWhite"
person_88_007072_1.jpg,"upperBodyLongSleeve, personalMale, accessoryNothing, hairShort, footwearBlack, hairBlack, lowerBodyBlack, upperBodyWhite"
person_89_006782_1.jpg,"personalLess30, carryingBackpack, lowerBodyCasual, upperBodyCasual, personalFemale, footwearShoes, hairBlack, lowerBodyBlack, upperBodyBlack"
person_90_003606_0.jpg,"personalLess30, lowerBodyCasual, upperBodyCasual, personalFemale, hairLong, accessoryNothing, footwearWhite, hairBlack, lowerBodyBrown, upperBodyBlack"
person_90_003681_0.jpg,"personalLess30, lowerBodyCasual, upperBodyCasual, personalFemale, hairLong, accessoryNothing, upperBodyShortSleeve, upperBodyTshirt, footwearBlack, hairBlack, upperBodyBlack"
person_90_006854_1.jpg,"upperBodyFormal, upperBodyLongSleeve, personalMale, accessoryNothing, carryingNothing, footwearShoes, lowerBodyTrousers, hairBlack, upperBodyGrey"
person_90_006937_1.jpg,"lowerBodyCasual, upperBodyCasual, upperBodyLongSleeve, accessoryNothing, carryingNothing, hairShort, lowerBodyTrousers, hairBlack, upperBodyGrey"
person_91_006895_1.jpg,"personalLess30, carryingBackpack, lowerBodyCasual, upperBodyCasual, personalFemale, accessoryHairBand, hairLong, upperBodyShortSleeve, lowerBodyTrousers, hairBlack, lowerBodyBlack, upperBodyWhite"
person_91_006970_1.jpg,"personalLess30, carryingBackpack, lowerBodyCasual, upperBodyCasual, accessoryNothing, hairShort, lowerBodyTrousers, footwearWhite, hairBlack, lowerBodyBlack"
person_94_003743_0.jpg,"personalLess30, lowerBodyCasual, upperBodyCasual, personalFemale, hairLong, accessoryNothing, hairBlack, upperBodyBlack"
person_95_003805_0.jpg,"personalLess30, lowerBodyCasual, upperBodyCasual, personalFemale, hairLong, accessoryNothing, lowerBodyTrousers, hairBlack, lowerBodyWhite, upperBodyBlack"
person_96_003819_0.jpg,"personalLess30, lowerBodyCasual, upperBodyCasual, personalFemale, hairLong, accessoryNothing, lowerBodyTrousers, hairBlack, upperBodyBlack"
person_96_006979_1.jpg,"personalLess30, lowerBodyCasual, upperBodyCasual, personalFemale, hairLong, carryingMessengerBag, accessoryNothing, upperBodyShortSleeve, upperBodyTshirt, footwearBlack, hairBlack, upperBodyBlack"
person_97_007456_1.jpg,"carryingBackpack, lowerBodyCasual, upperBodyCasual, upperBodyLongSleeve, hairShort, lowerBodyTrousers, footwearBlack, hairBlack, lowerBodyBlack, upperBodyBlack"
person_97_007531_1.jpg,"lowerBodyCasual, upperBodyCasual, upperBodyLongSleeve, personalMale, hairShort, lowerBodyTrousers, footwearBlack, hairBlack, lowerBodyBlack, upperBodyBlack"
person_97_007606_1.jpg,"carryingBackpack, lowerBodyCasual, upperBodyCasual, upperBodyLongSleeve, personalMale, accessoryNothing, hairShort, lowerBodyTrousers, footwearBlack, hairBlack, lowerBodyBlack, upperBodyGrey"
person_97_007681_1.jpg,"personalLess30, carryingBackpack, lowerBodyCasual, upperBodyCasual, upperBodyLongSleeve, personalMale, accessoryNothing, hairShort, lowerBodyTrousers, footwearBlack, hairBlack, lowerBodyBlack"
person_98_007522_1.jpg,"personalLess30, lowerBodyCasual, upperBodyCasual, hairBlack, lowerBodyBlack, upperBodyBlack"
person_98_007597_1.jpg,"carryingBackpack, lowerBodyCasual, upperBodyCasual, lowerBodyJeans, accessoryNothing, hairShort, footwearWhite, hairBlack, upperBodyBlack"
person_98_007672_1.jpg,"personalLess30, lowerBodyCasual, upperBodyCasual, lowerBodyJeans, personalMale, accessoryNothing, hairShort, upperBodyShortSleeve, upperBodyTshirt, footwearWhite, hairBlack, lowerBodyBlack, upperBodyBlack"
